"","accession","sample_name","rt","centwave","matchfilter","peak_id","inten","expected_peak"
"1","HMDB0000005","L23_c1011",3.987,15790.6204,13311.3828571429,376,15790.6204,TRUE
"2","HMDB0000008","L23_c23",4.302,99745.6877999999,77435.6027999998,598,99745.6877999999,TRUE
"3","HMDB0000008","L24_c89",4.741,52133.1392500001,52028.1044,644,52133.1392500001,TRUE
"4","HMDB0000011","L24_c45",4.993,6422.82945454546,6327.9792,788,6422.82945454546,TRUE
"5","HMDB0000012","L22_c45",4.7095,35980.4802352941,35548.3168,887,35980.4802352941,TRUE
"6","HMDB0000019","L23_c23",3.296,7498.48072727272,5256.046,1359,7498.48072727272,TRUE
"7","HMDB0000021","L26_c89",5.34,863871.616,856687.77,1641,863871.616,TRUE
"8","HMDB0000026","L23_c23",5.403,10133.5336,10081.827,1722,10133.5336,TRUE
"9","HMDB0000030","L21_c67",5.026,2665544.37263636,2620743.3,1821,2665544.37263636,TRUE
"10","HMDB0000034","L24_c45",4.963,1657295.27945454,1646117.928,2284,1657295.27945454,TRUE
"11","HMDB0000045","L22_c45",5.56,3582367.7844,3289132.7928,2995,3582367.7844,TRUE
"12","HMDB0000045","L24_c45",5.56,3875749.7746875,3535732.8812,3067,3875749.7746875,TRUE
"13","HMDB0000050","L21_c23",5.026,2543156.2732,2540620.908,3161,2543156.2732,TRUE
"14","HMDB0000054","L27_c45",2.639,883575.796363637,822113.603,3622,883575.796363637,TRUE
"15","HMDB0000056","L26_c67",6.031,7608.6596,7380.89099999999,3885,7608.6596,TRUE
"16","HMDB0000060","L24_c1011",4.553,1926.63363636364,1234.2925,4116,1926.63363636364,TRUE
"17","HMDB0000062","L21_c45",5.968,2916460.858,2877788.1456,4259,2916460.858,TRUE
"18","HMDB0000064","L26_c67",5.968,1516302.4204,1497977.6635,4595,1516302.4204,TRUE
"19","HMDB0000064","L26_c89",5.968,1785875.30309091,1768333.905,4596,1785875.30309091,TRUE
"20","HMDB0000071","L21_c89",5.024,998563.791529411,996954.6472,4620,998563.791529411,TRUE
"21","HMDB0000072","L22_c45",5.558,201153.115272727,184257.7748,4741,201153.115272727,TRUE
"22","HMDB0000073","L21_c45",8.104,57161.9330526315,37905.8945,4827,57161.9330526315,TRUE
"23","HMDB0000082","L22_c1011",5.7775,2218.9124,1486.2876,5067,2218.9124,TRUE
"24","HMDB0000085","L24_c23",5.307,492548.820363637,492029.4592,5187,492548.820363637,TRUE
"25","HMDB0000086","L26_c45",5.968,7106388.026,7051288.65850001,5330,7106388.026,TRUE
"26","HMDB0000089","L21_c23",5.403,485599.743999999,480150.531,5352,485599.743999999,TRUE
"27","HMDB0000092","L26_c89",5.717,309406.2428,308039.256,5682,309406.2428,TRUE
"28","HMDB0000094","L22_c67",5.5895,127521.712941177,106288.9372,5753,127521.712941177,TRUE
"29","HMDB0000101","L24_c23",4.837,1988409.78285714,1981399.8985,6394,1988409.78285714,TRUE
"30","HMDB0000112","L26_c45",6.094,44136.4816666666,44166.7169999999,6588,44166.7169999999,TRUE
"31","HMDB0000115","L23_c89",5.244,NA,693.062999999999,6700,693.062999999999,TRUE
"32","HMDB0000118","L22_c67",4.678,13887.7828571429,13801.42325,6822,13887.7828571429,TRUE
"33","HMDB0000121","L27_c45",5.529,157100.617142857,154091.97475,7109,157100.617142857,TRUE
"34","HMDB0000123","L26_c45",5.7485,4065.70623076923,3193.47,7179,4065.70623076923,TRUE
"35","HMDB0000125","L26_c23",5.529,753376.573,736685.753000001,7392,753376.573,TRUE
"36","HMDB0000127","L23_c1011",5.5895,67477.9990588236,63683.91,7580,67477.9990588236,TRUE
"37","HMDB0000130","L24_c23",4.05,1315289.6671875,1186434.16955556,8031,1315289.6671875,TRUE
"38","HMDB0000133","L21_c45",5.529,523500.280818182,522343.8356,8476,523500.280818182,TRUE
"39","HMDB0000134","L22_c45",5.4635,9074.13866666667,6431.5992,8625,9074.13866666667,TRUE
"40","HMDB0000134","L24_c45",5.5265,6866.34289473684,4145.9932,8698,6866.34289473684,TRUE
"41","HMDB0000148","L26_c1011",5.5595,56120.9688,55199.8184,8892,56120.9688,TRUE
"42","HMDB0000149","L23_c67",8.733,8286.57418181819,7644.1416,9045,8286.57418181819,TRUE
"43","HMDB0000150","L22_c23",4.9615,48321.7792307692,47505.5835,9203,48321.7792307692,TRUE
"44","HMDB0000152","L21_c89",3.987,NA,565812.294750001,9227,565812.294750001,TRUE
"45","HMDB0000156","L24_c23",5.5895,291359.486166667,227159.532,9431,291359.486166667,TRUE
"46","HMDB0000157","L27_c45",5.055,43344.6416,42969.3175000001,9743,43344.6416,TRUE
"47","HMDB0000158","L26_c89",5.529,705474.7006,697639.126250001,9964,705474.7006,TRUE
"48","HMDB0000159","L27_c45",5.34,131430.524272727,130408.596,10269,131430.524272727,TRUE
"49","HMDB0000161","L26_c67",5.9995,67288.6869473684,65997.8772500001,10426,67288.6869473684,TRUE
"50","HMDB0000161","L27_c23",5.9365,9220.4844,7964.3588,10428,9220.4844,TRUE
"51","HMDB0000162","L26_c67",5.78,205647.706,200040.91325,10611,205647.706,TRUE
"52","HMDB0000162","L26_c89",5.78,266887.6284,265482.8255,10621,266887.6284,TRUE
"53","HMDB0000167","L26_c45",5.9365,16829.7447272727,16448.0736,10760,16829.7447272727,TRUE
"54","HMDB0000168","L26_c67",6.031,33175.6072222222,32705.001,10941,33175.6072222222,TRUE
"55","HMDB0000172","L26_c23",5.466,348667.6096,346569.94425,11197,348667.6096,TRUE
"56","HMDB0000175","L27_c45",5.6225,181626.913,157913.74,11305,181626.913,TRUE
"57","HMDB0000176","L24_c67",3.3905,279033.637133333,256913.56,11467,279033.637133333,TRUE
"58","HMDB0000177","L26_c23",6.157,1027657.46145455,912083.4616,11759,1027657.46145455,TRUE
"59","HMDB0000177","L27_c23",6.157,1070336.57390909,963165.6096,11794,1070336.57390909,TRUE
"60","HMDB0000182","L26_c67",9.424,261090.58090909,245226.2128,12018,261090.58090909,TRUE
"61","HMDB0000187","L26_c1011",6.094,32946.1988,32358.06,12111,32946.1988,TRUE
"62","HMDB0000187","L27_c23",6.094,31220.0166666667,30679.488,12127,31220.0166666667,TRUE
"63","HMDB0000189","L26_c89",5.717,479169.8275,378631.248,12240,479169.8275,TRUE
"64","HMDB0000190","L23_c67",4.993,22854.5428571429,21010.3142857143,12399,22854.5428571429,TRUE
"65","HMDB0000191","L26_c67",5.621,81670.9232727272,78506.4684,12697,81670.9232727272,TRUE
"66","HMDB0000191","L27_c23",5.6525,61731.2795294117,55237.8752,12709,61731.2795294117,TRUE
"67","HMDB0000193","L27_c23",5.621,80331.7652727273,75491.6916,13004,80331.7652727273,TRUE
"68","HMDB0000194","L26_c1011",6.282,2558112.1161,2539775.628,13152,2558112.1161,TRUE
"69","HMDB0000195","L21_c45",5.244,1592166.8928,1591185.393,13213,1592166.8928,TRUE
"70","HMDB0000197","L22_c23",4.461,67606.2409,65750.4540000001,13363,67606.2409,TRUE
"71","HMDB0000197","L24_c89",4.46,95988.5688888889,92387.0760000001,13420,95988.5688888889,TRUE
"72","HMDB0000201","L22_c45",5.654,15719488.4551818,15379880.48675,13485,15719488.4551818,TRUE
"73","HMDB0000202","L21_c67",5.37,14337.7474545455,13339.08125,13633,14337.7474545455,TRUE
"74","HMDB0000205","L23_c23",4.7095,74571.9661818182,68624.1976,13916,74571.9661818182,TRUE
"75","HMDB0000206","L26_c89",5.78,1415408.21672727,1407919.5428,14104,1415408.21672727,TRUE
"76","HMDB0000208","L23_c67",5.432,26043.6624,24809.5929999999,14217,26043.6624,TRUE
"77","HMDB0000210","L21_c1011",5.055,1961347.17527273,1955035.4036,14322,1961347.17527273,TRUE
"78","HMDB0000211","L22_c23",6.249,58530.1652,54641.727,14489,58530.1652,TRUE
"79","HMDB0000214","L26_c45",8.733,54607.9315555555,50070.0004,14814,54607.9315555555,TRUE
"80","HMDB0000215","L23_c89",5.466,NA,10481.1316,14912,10481.1316,TRUE
"81","HMDB0000217","L27_c23",5.591,1408484.42925,1315887.26625,15006,1408484.42925,TRUE
"82","HMDB0000224","L27_c23",6.0295,19560.2965263158,13851.8588,15825,19560.2965263158,TRUE
"83","HMDB0000226","L21_c45",4.993,300312.3389,291054.078,15858,300312.3389,TRUE
"84","HMDB0000229","L26_c67",5.968,812234.4132,712171.963500001,16170,812234.4132,TRUE
"85","HMDB0000230","L22_c23",5.495,239657.996111111,232560.1595,16209,239657.996111111,TRUE
"86","HMDB0000232","L21_c67",5.558,127882.867454545,119256.1952,16265,127882.867454545,TRUE
"87","HMDB0000235","L26_c23",11.371,8861851.30133335,6578449.99457143,16478,8861851.30133335,TRUE
"88","HMDB0000239","L21_c1011",4.649,1410646.1465,1390337.361,16519,1410646.1465,TRUE
"89","HMDB0000239","L21_c67",4.649,1449415.71890909,1428834.834,16547,1449415.71890909,TRUE
"90","HMDB0000241","L22_c45",4.0815,572147.613846154,456147.9884,16764,572147.613846154,TRUE
"91","HMDB0000243","L24_c89",4.364,5216.3605,4899.656,16907,5216.3605,TRUE
"92","HMDB0000248","L21_c45",4.523,200853.868,198183.51325,17034,200853.868,TRUE
"93","HMDB0000251","L26_c23",5.621,454223.698909091,452312.6668,17427,454223.698909091,TRUE
"94","HMDB0000254","L21_c89",5.495,36144.7284,34923.70075,17482,36144.7284,TRUE
"95","HMDB0000259","L21_c1011",7.099,607822.271333333,554266.028333334,17791,607822.271333333,TRUE
"96","HMDB0000259","L24_c1011",7.162,580315.031833333,535405.0325,17937,580315.031833333,TRUE
"97","HMDB0000262","L24_c45",4.46,13209.9435,12613.6285,18183,13209.9435,TRUE
"98","HMDB0000263","L27_c45",5.558,122382.6304,120062.754,18352,122382.6304,TRUE
"99","HMDB0000267","L22_c67",5.2755,5239.98583333333,5132.644,18375,5239.98583333333,TRUE
"100","HMDB0000271","L26_c45",5.905,29160.0743636364,24020.6232,18622,29160.0743636364,TRUE
"101","HMDB0000273","L22_c23",4.553,NA,18726.54525,18692,18726.54525,TRUE
"102","HMDB0000288","L24_c45",5.591,201786.196909091,181310.16375,19089,201786.196909091,TRUE
"103","HMDB0000288","L27_c23",5.591,221606.685555556,207788.1184,19134,221606.685555556,TRUE
"104","HMDB0000291","L24_c23",4.616,391321.843272728,376396.2588,19629,391321.843272728,TRUE
"105","HMDB0000292","L21_c67",5.2125,1104071.88490909,1104515.811,19819,1104515.811,TRUE
"106","HMDB0000295","L27_c45",5.6225,197098.6164,164637.6104,20267,197098.6164,TRUE
"107","HMDB0000296","L21_c23",5.024,154317.158714286,149309.0724,20271,154317.158714286,TRUE
"108","HMDB0000299","L24_c45",5.307,1861435.96463636,1855514.1084,20444,1861435.96463636,TRUE
"109","HMDB0000300","L21_c1011",4.616,121316.098,120738.4045,20518,121316.098,TRUE
"110","HMDB0000301","L23_c23",5.214,1148064.73890909,1142074.7712,20854,1148064.73890909,TRUE
"111","HMDB0000303","L21_c67",5.277,236277.5896,235315.511999999,20998,236277.5896,TRUE
"112","HMDB0000306","L21_c67",6.1255,246982.682230769,214632.446166667,21176,246982.682230769,TRUE
"113","HMDB0000407","L22_c1011",4.49,310634.213,295672.9504,21831,310634.213,TRUE
"114","HMDB0000422","L23_c23",5.432,133712.8808,132497.81725,22030,133712.8808,TRUE
"115","HMDB0000423","L23_c1011",4.804,96756.0186363636,87726.3029999999,22274,96756.0186363636,TRUE
"116","HMDB0000434","L21_c1011",4.427,40161.7471666667,37479.8948333333,22690,40161.7471666667,TRUE
"117","HMDB0000446","L27_c45",6.031,1205238.446,1206745.155,22918,1206745.155,TRUE
"118","HMDB0000450","L27_c23",8.795,83737.829909091,78184.2416,23086,83737.829909091,TRUE
"119","HMDB0000462","L21_c89",5.181,10878.821125,10774.449,23129,10878.821125,TRUE
"120","HMDB0000466","L22_c45",4.021,27105.2739473684,22063.1472,23377,27105.2739473684,TRUE
"121","HMDB0000468","L27_c45",5.37,300293.0286,298802.95,23874,300293.0286,TRUE
"122","HMDB0000469","L23_c23",5.055,34519.9167272727,31126.3845,23970,34519.9167272727,TRUE
"123","HMDB0000472","L21_c45",5.591,340959.7027,337740.328999999,24129,340959.7027,TRUE
"124","HMDB0000473","L22_c1011",4.272,4287908.72263637,3955169.9992,24415,4287908.72263637,TRUE
"125","HMDB0000482","L23_c89",3.171,NA,690.862799999999,24681,690.862799999999,TRUE
"126","HMDB0000500","L21_c89",4.678,185713.285636364,183607.8576,24780,185713.285636364,TRUE
"127","HMDB0000508","L21_c45",5.495,42748.6508,42442.7195000001,25000,42748.6508,TRUE
"128","HMDB0000512","L24_c23",4.461,759968.0456,722646.4452,25398,759968.0456,TRUE
"129","HMDB0000517","L26_c23",9.6435,1036270.20466667,873465.074999999,25636,1036270.20466667,TRUE
"130","HMDB0000517","L26_c67",9.612,1143197.81254546,1082878.398,25649,1143197.81254546,TRUE
"131","HMDB0000528","L23_c23",5.244,144387.1224,141612.345,25784,144387.1224,TRUE
"132","HMDB0000532","L24_c67",5.181,67417.2444,67379.9490000002,26056,67417.2444,TRUE
"133","HMDB0000538","L26_c23",5.654,298522.6888,229610.93,26253,298522.6888,TRUE
"134","HMDB0000555","L23_c45",5.401,74258.1925714286,73828.308,26363,74258.1925714286,TRUE
"135","HMDB0000562","L24_c1011",5.089,236938.3084,235452.6835,26611,236938.3084,TRUE
"136","HMDB0000562","L26_c23",5.089,287787.7824,286491.7765,26683,287787.7824,TRUE
"137","HMDB0000567","L21_c67",4.0815,431301.12,308748.1616,26773,431301.12,TRUE
"138","HMDB0000574","L26_c89",5.7485,12156.8258181818,10541.2312,27011,12156.8258181818,TRUE
"139","HMDB0000609","L22_c1011",5.905,168514.17,150872.29,27071,168514.17,TRUE
"140","HMDB0000625","L26_c23",5.5895,302032.921666667,235314.9912,27456,302032.921666667,TRUE
"141","HMDB0000630","L22_c45",5.277,748332.144363636,744995.206799998,27600,748332.144363636,TRUE
"142","HMDB0000634","L24_c89",3.422,702911.7336,634079.473625,27991,702911.7336,TRUE
"143","HMDB0000641","L26_c23",6.031,164688.668363636,161709.7488,28255,164688.668363636,TRUE
"144","HMDB0000661","L24_c89",5.495,33375.0487272727,32794.96975,28872,33375.0487272727,TRUE
"145","HMDB0000663","L27_c23",5.5895,41102.8336249999,38164.188,28950,41102.8336249999,TRUE
"146","HMDB0000669","L24_c45",2.982,568467.545545454,538705.370799999,29079,568467.545545454,TRUE
"147","HMDB0000670","L26_c67",9.989,896260.510166666,764298.4196,29281,896260.510166666,TRUE
"148","HMDB0000670","L26_c89",9.989,811023.637666666,720819.915833335,29285,811023.637666666,TRUE
"149","HMDB0000678","L23_c45",4.616,NA,425988.7908,29304,425988.7908,TRUE
"150","HMDB0000679","L26_c1011",6.031,71718.856,71275.3019999999,29382,71718.856,TRUE
"151","HMDB0000684","L22_c67",5.34,192325.942,190879.92,29414,192325.942,TRUE
"152","HMDB0000687","L26_c1011",5.34,333344.7236,331738.785,29698,333344.7236,TRUE
"153","HMDB0000696","L26_c67",5.529,116407.772,115711.81575,29946,116407.772,TRUE
"154","HMDB0000699","L27_c45",9.424,14468932.9993846,12468978.0496667,30280,14468932.9993846,TRUE
"155","HMDB0000711","L22_c45",4.05,530265.296454545,510344.934250001,30407,530265.296454545,TRUE
"156","HMDB0000714","L22_c67",4.586,322754.06025,322628.560249999,30597,322754.06025,TRUE
"157","HMDB0000715","L22_c23",4.586,4019139.2096,4011795.18524999,30710,4019139.2096,TRUE
"158","HMDB0000716","L26_c1011",5.78,39665.3473636364,37580.8388,30985,39665.3473636364,TRUE
"159","HMDB0000719","L27_c45",5.968,32327.4044444444,32260.7996,31131,32327.4044444444,TRUE
"160","HMDB0000720","L23_c45",4.867,36717.7156,35868.5460000001,31253,36717.7156,TRUE
"161","HMDB0000721","L26_c1011",5.8405,23306.3620909091,22315.666,31607,23306.3620909091,TRUE
"162","HMDB0000725","L26_c89",5.905,93198.7885714285,92328.6557499998,31718,93198.7885714285,TRUE
"163","HMDB0000729","L23_c1011",4.741,71931.1526363637,70514.3712500001,31781,71931.1526363637,TRUE
"164","HMDB0000734","L22_c1011",4.1445,2575736.2852,1748945.646,31902,2575736.2852,TRUE
"165","HMDB0000738","L24_c23",4.523,2533.4148,1903.89775,32284,2533.4148,TRUE
"166","HMDB0000746","L22_c89",4.2075,3484977.96709091,2317238.2285,32632,3484977.96709091,TRUE
"167","HMDB0000752","L24_c1011",5.432,180799.1276,176574.54675,32882,180799.1276,TRUE
"168","HMDB0000754","L23_c23",4.678,96917.0119000001,95179.7647500001,33078,96917.0119000001,TRUE
"169","HMDB0000759","L26_c89",5.34,347563.0885,347981.634,33262,347981.634,TRUE
"170","HMDB0000764","L23_c67",4.0185,85080.7316666667,62578.316,33393,85080.7316666667,TRUE
"171","HMDB0000765","L21_c45",5.747,88087.0469999999,87395.9409999998,33534,88087.0469999999,TRUE
"172","HMDB0000766","L24_c67",5.055,131588.329454545,130941.8055,33664,131588.329454545,TRUE
"173","HMDB0000821","L22_c89",4.49,601967.665272727,558834.569999999,33935,601967.665272727,TRUE
"174","HMDB0000828","L23_c89",5.529,50155.8514285715,49819.3585000001,33989,50155.8514285715,TRUE
"175","HMDB0000842","L24_c45",4.5545,2471322.113,2444348.8884,34143,2471322.113,TRUE
"176","HMDB0000855","L24_c45",9.361,4605315.44416666,3978998.55816665,34315,4605315.44416666,TRUE
"177","HMDB0000857","L24_c89",5.401,82225.4216,81869.5968,34491,82225.4216,TRUE
"178","HMDB0000858","L22_c1011",4.553,NA,17586.817,34530,17586.817,TRUE
"179","HMDB0000866","L23_c1011",4.741,618602.1684,615390.003000001,34619,618602.1684,TRUE
"180","HMDB0000873","L22_c67",2.9505,89014.8472941176,82699.0592,34808,89014.8472941176,TRUE
"181","HMDB0000875","L21_c89",5.717,3931979.89936364,3911271.1036,34992,3931979.89936364,TRUE
"182","HMDB0000881","L22_c23",4.678,799831.6825,757081.887500001,35294,799831.6825,TRUE
"183","HMDB0000883","L26_c67",5.654,NA,2992.98675,35521,2992.98675,TRUE
"184","HMDB0000884","L23_c45",4.837,NA,101499.44275,35562,101499.44275,TRUE
"185","HMDB0000895","L21_c23",5.8115,24842614.1888572,22980843.7257143,35610,24842614.1888572,TRUE
"186","HMDB0000902","L26_c23",5.654,1470864.73371429,1463412.7045,35843,1470864.73371429,TRUE
"187","HMDB0000904","L26_c45",6.094,154460.2424,153797.049,35964,154460.2424,TRUE
"188","HMDB0000905","L24_c89",5.5595,1863873.97694118,1700110.2332,36008,1863873.97694118,TRUE
"189","HMDB0000925","L22_c89",6.157,2818069.68209091,2735149.3752,36091,2818069.68209091,TRUE
"190","HMDB0000929","L21_c1011",5.277,356072.048727273,353351.736,36177,356072.048727273,TRUE
"191","HMDB0000939","L22_c45",5.968,1437824.7772,1415738.45475,36413,1437824.7772,TRUE
"192","HMDB0000943","L27_c23",5.495,330461.327272727,304912.9656,36617,330461.327272727,TRUE
"193","HMDB0000956","L23_c67",5.558,63935.9264,60778.5569999999,36721,63935.9264,TRUE
"194","HMDB0000957","L23_c89",3.045,2103630.01981818,2028337.1964,36912,2103630.01981818,TRUE
"195","HMDB0000958","L24_c67",5.558,4692.1648,4455.108,37043,4692.1648,TRUE
"196","HMDB0000962","L23_c45",3.016,122135.06475,120281.27075,37118,122135.06475,TRUE
"197","HMDB0000982","L23_c23",5.277,2032855.9025,2020477.64925,37176,2032855.9025,TRUE
"198","HMDB0001015","L24_c1011",4.678,NA,252316.3956,37440,252316.3956,TRUE
"199","HMDB0001058","L26_c1011",5.746,8817.78818181818,6958.28571428572,37934,8817.78818181818,TRUE
"200","HMDB0001065","L24_c89",5.528,77085.0703636363,76309.0964,38182,77085.0703636363,TRUE
"201","HMDB0001129","L21_c23",5.466,NA,5653.08475000001,39033,5653.08475000001,TRUE
"202","HMDB0001138","L23_c67",5.466,107851.5896,107577.4705,39219,107851.5896,TRUE
"203","HMDB0001147","L26_c1011",5.654,8528.95018181818,7940.3692,39380,8528.95018181818,TRUE
"204","HMDB0001169","L22_c67",3.204,155124.127166667,132057.1588,39471,155124.127166667,TRUE
"205","HMDB0001202","L24_c89",5.5895,157011.4185,143939.4212,40329,157011.4185,TRUE
"206","HMDB0001227","L27_c45",5.558,258591.6205,235360.7096,40463,258591.6205,TRUE
"207","HMDB0001232","L23_c45",2.857,7748319.25263636,7251002.2332,40596,7748319.25263636,TRUE
"208","HMDB0001238","L24_c45",3.799,976302.655545455,904703.3312,40818,976302.655545455,TRUE
"209","HMDB0001264","L21_c67",4.8985,15432.4115294118,13814.6184,42045,15432.4115294118,TRUE
"210","HMDB0001264","L24_c1011",4.8985,10876.6385,9279.8932,42091,10876.6385,TRUE
"211","HMDB0001341","L24_c45",5.6225,1551310.38833333,1167411.7452,42806,1551310.38833333,TRUE
"212","HMDB0001372","L26_c89",5.968,937481.6656,812518.96,43220,937481.6656,TRUE
"213","HMDB0001389","L21_c23",2.982,2333131.2816,2282316.58225,43281,2333131.2816,TRUE
"214","HMDB0001392","L21_c1011",4.678,8589.93850000001,7900.09950000001,43396,8589.93850000001,TRUE
"215","HMDB0001397","L27_c23",5.6855,1140842.31876923,985329.4252,43754,1140842.31876923,TRUE
"216","HMDB0001401","L26_c67",5.684,111572.06475,100064.0365,43874,111572.06475,TRUE
"217","HMDB0001406","L21_c23",4.272,2161911.84945455,2106943.587,43907,2161911.84945455,TRUE
"218","HMDB0001413","L26_c67",5.654,2628863.76271429,2624751.8035,44251,2628863.76271429,TRUE
"219","HMDB0001451","L21_c1011",4.05,245600.622363636,200140.4975,44850,245600.622363636,TRUE
"220","HMDB0001476","L24_c1011",4.616,265504.3328,264247.026999999,45352,265504.3328,TRUE
"221","HMDB0001487","L23_c1011",5.466,1868920.9036,1861636.0015,45467,1868920.9036,TRUE
"222","HMDB0001488","L21_c23",4.837,639055.205727273,635959.7116,45542,639055.205727273,TRUE
"223","HMDB0001491","L23_c23",5.78,325303.4878125,252386.16025,45943,325303.4878125,TRUE
"224","HMDB0001511","L26_c45",5.529,144425.030545455,138010.7185,46446,144425.030545455,TRUE
"225","HMDB0001514","L21_c89",6.157,172348.566,167528.558166667,46527,172348.566,TRUE
"226","HMDB0001514","L24_c23",6.1885,140015.852166667,132567.2204,46646,140015.852166667,TRUE
"227","HMDB0001520","L26_c45",5.529,1157076.61036364,1073721.6505,47154,1157076.61036364,TRUE
"228","HMDB0001522","L23_c1011",8.858,1065245.85916667,957497.876833335,47268,1065245.85916667,TRUE
"229","HMDB0001525","L22_c89",4.209,901686.042833334,831168.362,47461,901686.042833334,TRUE
"230","HMDB0001527","L23_c1011",4.616,NA,7018.39924999998,47660,7018.39924999998,TRUE
"231","HMDB0001545","L24_c67",4.647,509691.377647059,482708.2436,47903,509691.377647059,TRUE
"232","HMDB0001562","L26_c45",5.529,1471514.84844444,1463654.0404,48402,1471514.84844444,TRUE
"233","HMDB0001565","L27_c45",6.157,1352145.72190909,1270874.5568,48742,1352145.72190909,TRUE
"234","HMDB0001587","L22_c89",3.1395,175819.4644,167022.0636,49042,175819.4644,TRUE
"235","HMDB0001624","L24_c89",4.2075,2060416.00658824,1908138.75,49336,2060416.00658824,TRUE
"236","HMDB0001721","L26_c45",5.717,85733.25425,73415.4608,49404,85733.25425,TRUE
"237","HMDB0001844","L23_c1011",5.37,108660.4419,107208.93975,49509,108660.4419,TRUE
"238","HMDB0001867","L21_c67",4.9,279276.675,278755.642749999,49838,279276.675,TRUE
"239","HMDB0001870","L21_c1011",4.427,613011.048,567454.834,49896,613011.048,TRUE
"240","HMDB0001885","L26_c89",5.403,213664.251428571,212721.579,50211,213664.251428571,TRUE
"241","HMDB0001895","L22_c23",2.7625,2602691.13827273,2515999.1668,50280,2602691.13827273,TRUE
"242","HMDB0001906","L26_c1011",5.843,52753.9155,52418.9655000001,50625,52753.9155,TRUE
"243","HMDB0001964","L21_c23",4.804,3051490.86409091,2810877.6972,50676,3051490.86409091,TRUE
"244","HMDB0001987","L23_c45",4.5215,260644.583294118,250531.9336,50974,260644.583294118,TRUE
"245","HMDB0001988","L22_c1011",5.118,11433.4308,11277.932,51069,11433.4308,TRUE
"246","HMDB0002024","L22_c1011",5.529,801400.031099999,792832.884250001,51259,801400.031099999,TRUE
"247","HMDB0002035","L21_c45",4.553,597001.008545454,583118.6612,51528,597001.008545454,TRUE
"248","HMDB0002043","L22_c1011",3.171,190687.804,185995.518,51836,190687.804,TRUE
"249","HMDB0002092","L24_c67",5.495,31212.9725454545,30575.8756,52427,31212.9725454545,TRUE
"250","HMDB0002096","L21_c23",4.05,160448.127,124752.83575,52486,160448.127,TRUE
"251","HMDB0002144","L22_c89",3.2355,714476.765166667,625728.411,52872,714476.765166667,TRUE
"252","HMDB0002199","L21_c89",4.553,46253.467,45172.4168,53040,46253.467,TRUE
"253","HMDB0002209","L21_c45",2.794,1287081.35866667,1270324.9305,53387,1287081.35866667,TRUE
"254","HMDB0002224","L22_c89",5.089,1063856.254625,1059760.2992,53678,1063856.254625,TRUE
"255","HMDB0002243","L23_c67",5.1205,146137.454181818,113717.8632,53821,146137.454181818,TRUE
"256","HMDB0002284","L23_c45",8.356,1427603.17163636,1336519.02,53997,1427603.17163636,TRUE
"257","HMDB0002285","L23_c67",4.05,455546.649818182,376067.8776,54149,455546.649818182,TRUE
"258","HMDB0002302","L22_c23",4.084,173548.459769231,85147.04375,54267,173548.459769231,TRUE
"259","HMDB0002340","L23_c67",3.987,756698.765357143,664667.4695,54708,756698.765357143,TRUE
"260","HMDB0002349","L23_c45",5.432,NA,8991.8296,54839,8991.8296,TRUE
"261","HMDB0002393","L24_c23",5.529,196455.1926,194752.59425,54956,196455.1926,TRUE
"262","HMDB0002432","L22_c1011",4.867,22005.434,21466.4310000001,55091,22005.434,TRUE
"263","HMDB0002441","L23_c89",3.673,4106164.554375,3831687.43022222,55396,4106164.554375,TRUE
"264","HMDB0002466","L24_c45",4.553,136056.5768,133730.85475,55664,136056.5768,TRUE
"265","HMDB0002545","L24_c89",5.684,64050.0463636363,59151.6968,55904,64050.0463636363,TRUE
"266","HMDB0002658","L23_c89",5.277,215686.101636364,214301.35275,56110,215686.101636364,TRUE
"267","HMDB0002666","L27_c23",6.345,1329187.561,1204338.3336,56266,1329187.561,TRUE
"268","HMDB0002757","L24_c1011",5.529,209832.0727,206946.739,56412,209832.0727,TRUE
"269","HMDB0002894","L26_c89",5.152,1002551.10718182,999392.3548,56767,1002551.10718182,TRUE
"270","HMDB0002917","L22_c23",5.558,40770.683,40576.095,56793,40770.683,TRUE
"271","HMDB0003011","L23_c23",5.4975,31269.7343571428,25620.3904,56912,31269.7343571428,TRUE
"272","HMDB0003011","L24_c1011",5.529,51445.7213,48770.3667500001,56953,51445.7213,TRUE
"273","HMDB0003070","L21_c45",5.495,54602.2136,54286.9075000001,57073,54602.2136,TRUE
"274","HMDB0003072","L21_c89",5.495,652489.313636363,614839.748250001,57267,652489.313636363,TRUE
"275","HMDB0003152","L24_c89",3.9265,9170140.9056,7111791.41399999,57838,9170140.9056,TRUE
"276","HMDB0003192","L21_c67",4.93,NA,24206.9508,57926,24206.9508,TRUE
"277","HMDB0003269","L24_c89",5.089,3304215.3432,3295222.2505,58176,3304215.3432,TRUE
"278","HMDB0003320","L22_c45",3.987,3450297.25661538,2975380.3235,58325,3450297.25661538,TRUE
"279","HMDB0003334","L22_c67",9.235,3789822.668,3423776.26499999,58735,3789822.668,TRUE
"280","HMDB0003337","L21_c67",5.654,88707.2875714286,82187.8044,58835,88707.2875714286,TRUE
"281","HMDB0003357","L26_c1011",5.998,350586.262545454,347527.321,59071,350586.262545454,TRUE
"282","HMDB0003431","L24_c1011",8.418,2543011.02466667,2297423.2016,59298,2543011.02466667,TRUE
"283","HMDB0003464","L26_c1011",6.031,662604.684,661668.902999999,59524,662604.684,TRUE
"284","HMDB0003466","L23_c45",5.0865,82183.7308235294,80331.562,59663,82183.7308235294,TRUE
"285","HMDB0003474","L21_c89",5.34,3638564.3975,3607662.618,59826,3638564.3975,TRUE
"286","HMDB0003553","L22_c45",6.5,NA,83770.0577500001,59896,83770.0577500001,TRUE
"287","HMDB0003681","L24_c1011",5.118,96423.1450909091,96102.1492,59947,96423.1450909091,TRUE
"288","HMDB0003701","L24_c67",3.1395,1504469.385,1446643.0904,60202,1504469.385,TRUE
"289","HMDB0003903","L23_c45",4.804,1217804.64281818,1215316.4016,60376,1217804.64281818,TRUE
"290","HMDB0003966","L26_c23",5.495,NA,10391.21175,60476,10391.21175,TRUE
"291","HMDB0004044","L21_c67",4.775,6228110.0556,6207416.24200001,60509,6228110.0556,TRUE
"292","HMDB0004095","L23_c1011",5.214,466332.720090909,464962.470799999,60775,466332.720090909,TRUE
"293","HMDB0004110","L24_c1011",5.9035,24530.57425,16884.0196363636,61054,24530.57425,TRUE
"294","HMDB0004230","L22_c67",4.616,46369.6178181819,46005.5389999999,61207,46369.6178181819,TRUE
"295","HMDB0004231","L22_c23",4.335,2371789.27945454,2259865.251,61317,2371789.27945454,TRUE
"296","HMDB0004620","L23_c1011",5.968,1996320.73509091,1990465.0284,61421,1996320.73509091,TRUE
"297","HMDB0004620","L24_c89",5.968,2515194.83372727,2502687.17775,61483,2515194.83372727,TRUE
"298","HMDB0004811","L23_c67",2.731,325375.001909091,321126.75,61544,325375.001909091,TRUE
"299","HMDB0004815","L23_c89",4.4585,1043546.43033333,975654.0804,61665,1043546.43033333,TRUE
"300","HMDB0004825","L21_c67",6.911,2156186.66318182,2072334.24839999,61789,2156186.66318182,TRUE
"301","HMDB0004826","L21_c45",6.974,165825.47175,147805.138,62023,165825.47175,TRUE
"302","HMDB0004827","L21_c89",5.591,5316041.71772727,5151879.22774999,62210,5316041.71772727,TRUE
"303","HMDB0006024","L21_c1011",3.204,23652.8664,21753.837,62506,23652.8664,TRUE
"304","HMDB0006028","L24_c67",5.37,97477.297,97114.234,62791,97477.297,TRUE
"305","HMDB0006029","L21_c1011",5.277,178189.637222222,177420.4795,62845,178189.637222222,TRUE
"306","HMDB0006331","L22_c1011",5.432,NA,4752.18299999999,62975,4752.18299999999,TRUE
"307","HMDB0006344","L22_c1011",4.678,1715540.5755,1708206.29025,62983,1715540.5755,TRUE
"308","HMDB0011600","L21_c45",5.2455,2761655.863,2705025.72239999,63016,2761655.863,TRUE
"309","HMDB0011718","L22_c89",2.9505,5419438.59388235,5193791.6064,63282,5419438.59388235,TRUE
"310","HMDB0011727","L26_c1011",5.591,1160791.30072727,1114036.1412,63617,1160791.30072727,TRUE
"311","HMDB0011733","L26_c45",5.684,54996.3464,53885.7467500001,64006,54996.3464,TRUE
"312","HMDB0011743","L23_c1011",4.05,4735.24566666667,3497.646,64148,4735.24566666667,TRUE
"313","HMDB0011745","L23_c45",4.649,NA,65263.2120000002,64357,65263.2120000002,TRUE
"314","HMDB0011747","L27_c45",6.2175,90898.0388,78200.3812,64521,90898.0388,TRUE
"315","HMDB0011751","L22_c89",4.05,106343.580818182,93604.6770000001,64543,106343.580818182,TRUE
"316","HMDB0011756","L24_c67",4.553,1045166.7724,1036445.07575,64647,1045166.7724,TRUE
"317","HMDB0012127","L23_c23",4.678,1412698.366,1383731.8088,64806,1412698.366,TRUE
"318","HMDB0012209","L24_c89",4.553,1427678.558,1398566.729,65130,1427678.558,TRUE
"319","HMDB0012245","L21_c23",4.0185,4885290.033,3341640.6892,65200,4885290.033,TRUE
"320","HMDB0012275","L22_c45",5.3085,513588.451181818,509775.6716,65297,513588.451181818,TRUE
"321","HMDB0013318","L23_c23",4.398,1612692.696,1602465.4495,65539,1612692.696,TRUE
"322","HMDB0013674","L21_c89",5.307,68282.87875,61205.0684,65679,68282.87875,TRUE
"323","HMDB0013751","L24_c23",4.398,276564.018272728,274285.594,65908,276564.018272728,TRUE
"324","HMDB0014496","L21_c23",4.963,1744698.7984,1744307.901,65965,1744698.7984,TRUE
"325","HMDB0014684","L21_c23",4.176,95373.1391818182,90927.0524,66291,95373.1391818182,TRUE
"326","HMDB0015687","L24_c23",2.9845,1973844.89218182,1900403.988,66609,1973844.89218182,TRUE
"327","HMDB0028685","L26_c89",5.621,408967.042249999,404576.044250001,66731,408967.042249999,TRUE
"328","HMDB0028854","L26_c23",5.529,191393.5038,190518.72625,66802,191393.5038,TRUE
"329","HMDB0028922","L26_c1011",4.963,559066.5124,559943.937000001,66868,559943.937000001,TRUE
"330","HMDB0029644","L22_c23",3.0135,5372287.67290909,5125211.93399999,66938,5372287.67290909,TRUE
"331","HMDB0029666","L23_c89",4.05,554512.109545454,425411.428750001,67211,554512.109545454,TRUE
"332","HMDB0029738","L23_c89",2.701,680749.855,672158.10825,67372,680749.855,TRUE
"333","HMDB0029806","L23_c67",2.953,3127086.45254546,3082490.586,67570,3127086.45254546,TRUE
"334","HMDB0031193","L23_c89",5.558,204386.806818182,192383.667,67767,204386.806818182,TRUE
"335","HMDB0031340","L21_c1011",3.296,4828981.11055555,4105917.8196,67811,4828981.11055555,TRUE
"336","HMDB0033752","L24_c1011",3.234,500447.016333333,405358.9908,68060,500447.016333333,TRUE
"337","HMDB0036458","L27_c45",5.78,31136.8698333333,26366.797,68486,31136.8698333333,TRUE
"338","HMDB0060665","L22_c89",4.837,596112.88509091,593218.4084,68955,596112.88509091,TRUE
"339","HMDB0245643","L26_c45",5.558,29432.3283636364,27267.132,69482,29432.3283636364,TRUE
"340","HMDB0247418","L26_c89",5.968,58295.356,58086.0436,69741,58295.356,TRUE
"341","HMDB0253211","L26_c45",5.7775,831482.667529412,827758.510399998,70013,831482.667529412,TRUE
"342","HMDB0254310","L24_c1011",5.055,57474.3647272728,56533.3575000001,70174,57474.3647272728,TRUE
"343","HMDB0255145","L24_c67",5.244,NA,6979.26600000001,70287,6979.26600000001,TRUE
"344","HMDB0304940","L22_c89",3.0765,15430053.9878333,13606841.2088,70488,15430053.9878333,TRUE
"345","HMDB0304941","L24_c23",5.026,29327.2232,28979.685,70809,29327.2232,TRUE
"346","PBCM0000066950","L23_c89",5.089,729659.886399999,716604.184250001,71076,729659.886399999,TRUE
"347","PBCM0000082335","L23_c67",6.157,6452.43236363636,6199.3648,71242,6452.43236363636,TRUE
"348","PBCM0000090301","L24_c89",5.5265,398622.446727273,358224.1368,71304,398622.446727273,TRUE
"349","PBCM0000440049","L24_c1011",6.22,208557.604666667,202551.28975,71768,208557.604666667,TRUE
